group,function,value,sample_time_nanos,iteration_count
"forward_batch_scan(rocks db data size 10000, value length 128)",,,1198029.0,1
"forward_batch_scan(rocks db data size 10000, value length 128)",,,2309832.0,2
"forward_batch_scan(rocks db data size 10000, value length 128)",,,3570241.0,3
"forward_batch_scan(rocks db data size 10000, value length 128)",,,4682852.0,4
"forward_batch_scan(rocks db data size 10000, value length 128)",,,6703514.0,5
"forward_batch_scan(rocks db data size 10000, value length 128)",,,8299512.0,6
"forward_batch_scan(rocks db data size 10000, value length 128)",,,8597008.0,7
"forward_batch_scan(rocks db data size 10000, value length 128)",,,9750556.0,8
"forward_batch_scan(rocks db data size 10000, value length 128)",,,10634716.0,9
"forward_batch_scan(rocks db data size 10000, value length 128)",,,11915789.0,10
"forward_batch_scan(rocks db data size 10000, value length 128)",,,13102859.0,11
"forward_batch_scan(rocks db data size 10000, value length 128)",,,14679786.0,12
"forward_batch_scan(rocks db data size 10000, value length 128)",,,16390648.0,13
"forward_batch_scan(rocks db data size 10000, value length 128)",,,17369634.0,14
"forward_batch_scan(rocks db data size 10000, value length 128)",,,17989322.0,15
"forward_batch_scan(rocks db data size 10000, value length 128)",,,19400369.0,16
"forward_batch_scan(rocks db data size 10000, value length 128)",,,24692048.0,17
"forward_batch_scan(rocks db data size 10000, value length 128)",,,21560131.0,18
"forward_batch_scan(rocks db data size 10000, value length 128)",,,22549096.0,19
"forward_batch_scan(rocks db data size 10000, value length 128)",,,24260497.0,20
"forward_batch_scan(rocks db data size 10000, value length 128)",,,25197817.0,21
"forward_batch_scan(rocks db data size 10000, value length 128)",,,26387021.0,22
"forward_batch_scan(rocks db data size 10000, value length 128)",,,30195909.0,23
"forward_batch_scan(rocks db data size 10000, value length 128)",,,32188434.0,24
"forward_batch_scan(rocks db data size 10000, value length 128)",,,32938768.0,25
"forward_batch_scan(rocks db data size 10000, value length 128)",,,39922937.0,26
"forward_batch_scan(rocks db data size 10000, value length 128)",,,52005020.0,27
"forward_batch_scan(rocks db data size 10000, value length 128)",,,49076427.0,28
"forward_batch_scan(rocks db data size 10000, value length 128)",,,53695510.0,29
"forward_batch_scan(rocks db data size 10000, value length 128)",,,44905211.0,30
"forward_batch_scan(rocks db data size 10000, value length 128)",,,38571094.0,31
"forward_batch_scan(rocks db data size 10000, value length 128)",,,38981271.0,32
"forward_batch_scan(rocks db data size 10000, value length 128)",,,39537025.0,33
"forward_batch_scan(rocks db data size 10000, value length 128)",,,42299922.0,34
"forward_batch_scan(rocks db data size 10000, value length 128)",,,42142761.0,35
"forward_batch_scan(rocks db data size 10000, value length 128)",,,43913988.0,36
"forward_batch_scan(rocks db data size 10000, value length 128)",,,46003869.0,37
"forward_batch_scan(rocks db data size 10000, value length 128)",,,49356659.0,38
"forward_batch_scan(rocks db data size 10000, value length 128)",,,47292114.0,39
"forward_batch_scan(rocks db data size 10000, value length 128)",,,49782176.0,40
"forward_batch_scan(rocks db data size 10000, value length 128)",,,63141267.0,41
"forward_batch_scan(rocks db data size 10000, value length 128)",,,56299370.0,42
"forward_batch_scan(rocks db data size 10000, value length 128)",,,55133247.0,43
"forward_batch_scan(rocks db data size 10000, value length 128)",,,59367339.0,44
"forward_batch_scan(rocks db data size 10000, value length 128)",,,59429796.0,45
"forward_batch_scan(rocks db data size 10000, value length 128)",,,64555903.0,46
"forward_batch_scan(rocks db data size 10000, value length 128)",,,62785343.0,47
"forward_batch_scan(rocks db data size 10000, value length 128)",,,70163535.0,48
"forward_batch_scan(rocks db data size 10000, value length 128)",,,65374986.0,49
"forward_batch_scan(rocks db data size 10000, value length 128)",,,65498682.0,50
"forward_batch_scan(rocks db data size 10000, value length 128)",,,68221080.0,51
"forward_batch_scan(rocks db data size 10000, value length 128)",,,70641680.0,52
"forward_batch_scan(rocks db data size 10000, value length 128)",,,75018005.0,53
"forward_batch_scan(rocks db data size 10000, value length 128)",,,72223740.0,54
"forward_batch_scan(rocks db data size 10000, value length 128)",,,72715450.0,55
"forward_batch_scan(rocks db data size 10000, value length 128)",,,82140027.0,56
"forward_batch_scan(rocks db data size 10000, value length 128)",,,77244454.0,57
"forward_batch_scan(rocks db data size 10000, value length 128)",,,80979665.0,58
"forward_batch_scan(rocks db data size 10000, value length 128)",,,77360929.0,59
"forward_batch_scan(rocks db data size 10000, value length 128)",,,83515758.0,60
"forward_batch_scan(rocks db data size 10000, value length 128)",,,83291169.0,61
"forward_batch_scan(rocks db data size 10000, value length 128)",,,86929451.0,62
"forward_batch_scan(rocks db data size 10000, value length 128)",,,83237485.0,63
"forward_batch_scan(rocks db data size 10000, value length 128)",,,86000296.0,64
"forward_batch_scan(rocks db data size 10000, value length 128)",,,90040731.0,65
"forward_batch_scan(rocks db data size 10000, value length 128)",,,89733168.0,66
"forward_batch_scan(rocks db data size 10000, value length 128)",,,89473851.0,67
"forward_batch_scan(rocks db data size 10000, value length 128)",,,91532387.0,68
"forward_batch_scan(rocks db data size 10000, value length 128)",,,92034310.0,69
"forward_batch_scan(rocks db data size 10000, value length 128)",,,99363171.0,70
"forward_batch_scan(rocks db data size 10000, value length 128)",,,94693714.0,71
"forward_batch_scan(rocks db data size 10000, value length 128)",,,96200941.0,72
"forward_batch_scan(rocks db data size 10000, value length 128)",,,100576022.0,73
"forward_batch_scan(rocks db data size 10000, value length 128)",,,106489790.0,74
"forward_batch_scan(rocks db data size 10000, value length 128)",,,100595437.0,75
"forward_batch_scan(rocks db data size 10000, value length 128)",,,99259711.0,76
"forward_batch_scan(rocks db data size 10000, value length 128)",,,107533354.0,77
"forward_batch_scan(rocks db data size 10000, value length 128)",,,105086706.0,78
"forward_batch_scan(rocks db data size 10000, value length 128)",,,110643050.0,79
"forward_batch_scan(rocks db data size 10000, value length 128)",,,104544151.0,80
"forward_batch_scan(rocks db data size 10000, value length 128)",,,113122802.0,81
"forward_batch_scan(rocks db data size 10000, value length 128)",,,109340717.0,82
"forward_batch_scan(rocks db data size 10000, value length 128)",,,112739980.0,83
"forward_batch_scan(rocks db data size 10000, value length 128)",,,118198354.0,84
"forward_batch_scan(rocks db data size 10000, value length 128)",,,117244132.0,85
"forward_batch_scan(rocks db data size 10000, value length 128)",,,111759294.0,86
"forward_batch_scan(rocks db data size 10000, value length 128)",,,122641819.0,87
"forward_batch_scan(rocks db data size 10000, value length 128)",,,115419168.0,88
"forward_batch_scan(rocks db data size 10000, value length 128)",,,121729279.0,89
"forward_batch_scan(rocks db data size 10000, value length 128)",,,119178258.0,90
"forward_batch_scan(rocks db data size 10000, value length 128)",,,115796881.0,91
"forward_batch_scan(rocks db data size 10000, value length 128)",,,110156484.0,92
"forward_batch_scan(rocks db data size 10000, value length 128)",,,112080964.0,93
"forward_batch_scan(rocks db data size 10000, value length 128)",,,114666877.0,94
"forward_batch_scan(rocks db data size 10000, value length 128)",,,119369744.0,95
"forward_batch_scan(rocks db data size 10000, value length 128)",,,116646977.0,96
"forward_batch_scan(rocks db data size 10000, value length 128)",,,117555199.0,97
"forward_batch_scan(rocks db data size 10000, value length 128)",,,119900003.0,98
"forward_batch_scan(rocks db data size 10000, value length 128)",,,121434798.0,99
"forward_batch_scan(rocks db data size 10000, value length 128)",,,123297979.0,100
